--
-- PostgreSQL database dump
--

-- Dumped from database version 17.4
-- Dumped by pg_dump version 17.4

SET statement_timeout = 0;
SET lock_timeout = 0;
SET idle_in_transaction_session_timeout = 0;
SET transaction_timeout = 0;
SET client_encoding = 'UTF8';
SET standard_conforming_strings = on;
SELECT pg_catalog.set_config('search_path', '', false);
SET check_function_bodies = false;
SET xmloption = content;
SET client_min_messages = warning;
SET row_security = off;

SET default_tablespace = '';

SET default_table_access_method = heap;

--
-- Name: auth_group; Type: TABLE; Schema: public; Owner: angelcruz
--

CREATE TABLE public.auth_group (
    id integer NOT NULL,
    name character varying(150) NOT NULL
);


ALTER TABLE public.auth_group OWNER TO angelcruz;

--
-- Name: auth_group_id_seq; Type: SEQUENCE; Schema: public; Owner: angelcruz
--

ALTER TABLE public.auth_group ALTER COLUMN id ADD GENERATED BY DEFAULT AS IDENTITY (
    SEQUENCE NAME public.auth_group_id_seq
    START WITH 1
    INCREMENT BY 1
    NO MINVALUE
    NO MAXVALUE
    CACHE 1
);


--
-- Name: auth_group_permissions; Type: TABLE; Schema: public; Owner: angelcruz
--

CREATE TABLE public.auth_group_permissions (
    id bigint NOT NULL,
    group_id integer NOT NULL,
    permission_id integer NOT NULL
);


ALTER TABLE public.auth_group_permissions OWNER TO angelcruz;

--
-- Name: auth_group_permissions_id_seq; Type: SEQUENCE; Schema: public; Owner: angelcruz
--

ALTER TABLE public.auth_group_permissions ALTER COLUMN id ADD GENERATED BY DEFAULT AS IDENTITY (
    SEQUENCE NAME public.auth_group_permissions_id_seq
    START WITH 1
    INCREMENT BY 1
    NO MINVALUE
    NO MAXVALUE
    CACHE 1
);


--
-- Name: auth_permission; Type: TABLE; Schema: public; Owner: angelcruz
--

CREATE TABLE public.auth_permission (
    id integer NOT NULL,
    name character varying(255) NOT NULL,
    content_type_id integer NOT NULL,
    codename character varying(100) NOT NULL
);


ALTER TABLE public.auth_permission OWNER TO angelcruz;

--
-- Name: auth_permission_id_seq; Type: SEQUENCE; Schema: public; Owner: angelcruz
--

ALTER TABLE public.auth_permission ALTER COLUMN id ADD GENERATED BY DEFAULT AS IDENTITY (
    SEQUENCE NAME public.auth_permission_id_seq
    START WITH 1
    INCREMENT BY 1
    NO MINVALUE
    NO MAXVALUE
    CACHE 1
);


--
-- Name: auth_user; Type: TABLE; Schema: public; Owner: angelcruz
--

CREATE TABLE public.auth_user (
    id integer NOT NULL,
    password character varying(128) NOT NULL,
    last_login timestamp with time zone,
    is_superuser boolean NOT NULL,
    username character varying(150) NOT NULL,
    first_name character varying(150) NOT NULL,
    last_name character varying(150) NOT NULL,
    email character varying(254) NOT NULL,
    is_staff boolean NOT NULL,
    is_active boolean NOT NULL,
    date_joined timestamp with time zone NOT NULL
);


ALTER TABLE public.auth_user OWNER TO angelcruz;

--
-- Name: auth_user_groups; Type: TABLE; Schema: public; Owner: angelcruz
--

CREATE TABLE public.auth_user_groups (
    id bigint NOT NULL,
    user_id integer NOT NULL,
    group_id integer NOT NULL
);


ALTER TABLE public.auth_user_groups OWNER TO angelcruz;

--
-- Name: auth_user_groups_id_seq; Type: SEQUENCE; Schema: public; Owner: angelcruz
--

ALTER TABLE public.auth_user_groups ALTER COLUMN id ADD GENERATED BY DEFAULT AS IDENTITY (
    SEQUENCE NAME public.auth_user_groups_id_seq
    START WITH 1
    INCREMENT BY 1
    NO MINVALUE
    NO MAXVALUE
    CACHE 1
);


--
-- Name: auth_user_id_seq; Type: SEQUENCE; Schema: public; Owner: angelcruz
--

ALTER TABLE public.auth_user ALTER COLUMN id ADD GENERATED BY DEFAULT AS IDENTITY (
    SEQUENCE NAME public.auth_user_id_seq
    START WITH 1
    INCREMENT BY 1
    NO MINVALUE
    NO MAXVALUE
    CACHE 1
);


--
-- Name: auth_user_user_permissions; Type: TABLE; Schema: public; Owner: angelcruz
--

CREATE TABLE public.auth_user_user_permissions (
    id bigint NOT NULL,
    user_id integer NOT NULL,
    permission_id integer NOT NULL
);


ALTER TABLE public.auth_user_user_permissions OWNER TO angelcruz;

--
-- Name: auth_user_user_permissions_id_seq; Type: SEQUENCE; Schema: public; Owner: angelcruz
--

ALTER TABLE public.auth_user_user_permissions ALTER COLUMN id ADD GENERATED BY DEFAULT AS IDENTITY (
    SEQUENCE NAME public.auth_user_user_permissions_id_seq
    START WITH 1
    INCREMENT BY 1
    NO MINVALUE
    NO MAXVALUE
    CACHE 1
);


--
-- Name: dashboard_impact; Type: TABLE; Schema: public; Owner: angelcruz
--

CREATE TABLE public.dashboard_impact (
    id bigint NOT NULL,
    id_operation_id bigint NOT NULL,
    id_subresource_id bigint NOT NULL,
    is_marked boolean NOT NULL
);


ALTER TABLE public.dashboard_impact OWNER TO angelcruz;

--
-- Name: dashboard_impact_id_seq; Type: SEQUENCE; Schema: public; Owner: angelcruz
--

ALTER TABLE public.dashboard_impact ALTER COLUMN id ADD GENERATED BY DEFAULT AS IDENTITY (
    SEQUENCE NAME public.dashboard_impact_id_seq
    START WITH 1
    INCREMENT BY 1
    NO MINVALUE
    NO MAXVALUE
    CACHE 1
);


--
-- Name: dashboard_operation; Type: TABLE; Schema: public; Owner: angelcruz
--

CREATE TABLE public.dashboard_operation (
    id bigint NOT NULL,
    name character varying(50) NOT NULL,
    id_phase_id bigint NOT NULL
);


ALTER TABLE public.dashboard_operation OWNER TO angelcruz;

--
-- Name: dashboard_operation_id_seq; Type: SEQUENCE; Schema: public; Owner: angelcruz
--

ALTER TABLE public.dashboard_operation ALTER COLUMN id ADD GENERATED BY DEFAULT AS IDENTITY (
    SEQUENCE NAME public.dashboard_operation_id_seq
    START WITH 1
    INCREMENT BY 1
    NO MINVALUE
    NO MAXVALUE
    CACHE 1
);


--
-- Name: dashboard_phase; Type: TABLE; Schema: public; Owner: angelcruz
--

CREATE TABLE public.dashboard_phase (
    id bigint NOT NULL,
    name character varying(50) NOT NULL,
    id_project_id bigint NOT NULL
);


ALTER TABLE public.dashboard_phase OWNER TO angelcruz;

--
-- Name: dashboard_phase_id_seq; Type: SEQUENCE; Schema: public; Owner: angelcruz
--

ALTER TABLE public.dashboard_phase ALTER COLUMN id ADD GENERATED BY DEFAULT AS IDENTITY (
    SEQUENCE NAME public.dashboard_phase_id_seq
    START WITH 1
    INCREMENT BY 1
    NO MINVALUE
    NO MAXVALUE
    CACHE 1
);


--
-- Name: dashboard_projects; Type: TABLE; Schema: public; Owner: angelcruz
--

CREATE TABLE public.dashboard_projects (
    id bigint NOT NULL,
    name character varying(50) NOT NULL,
    creation_date date NOT NULL
);


ALTER TABLE public.dashboard_projects OWNER TO angelcruz;

--
-- Name: dashboard_projects_id_seq; Type: SEQUENCE; Schema: public; Owner: angelcruz
--

ALTER TABLE public.dashboard_projects ALTER COLUMN id ADD GENERATED BY DEFAULT AS IDENTITY (
    SEQUENCE NAME public.dashboard_projects_id_seq
    START WITH 1
    INCREMENT BY 1
    NO MINVALUE
    NO MAXVALUE
    CACHE 1
);


--
-- Name: dashboard_rating; Type: TABLE; Schema: public; Owner: angelcruz
--

CREATE TABLE public.dashboard_rating (
    id bigint NOT NULL,
    intensity integer NOT NULL,
    importance integer NOT NULL,
    extension integer NOT NULL,
    persistence integer NOT NULL,
    reversibility integer NOT NULL,
    description character varying(200) NOT NULL,
    id_phase_id bigint NOT NULL,
    id_subresource_id bigint NOT NULL
);


ALTER TABLE public.dashboard_rating OWNER TO angelcruz;

--
-- Name: dashboard_rating_id_seq; Type: SEQUENCE; Schema: public; Owner: angelcruz
--

ALTER TABLE public.dashboard_rating ALTER COLUMN id ADD GENERATED BY DEFAULT AS IDENTITY (
    SEQUENCE NAME public.dashboard_rating_id_seq
    START WITH 1
    INCREMENT BY 1
    NO MINVALUE
    NO MAXVALUE
    CACHE 1
);


--
-- Name: dashboard_reports; Type: TABLE; Schema: public; Owner: angelcruz
--

CREATE TABLE public.dashboard_reports (
    id bigint NOT NULL,
    content character varying NOT NULL,
    id_project_id bigint NOT NULL
);


ALTER TABLE public.dashboard_reports OWNER TO angelcruz;

--
-- Name: dashboard_reports_id_seq; Type: SEQUENCE; Schema: public; Owner: angelcruz
--

ALTER TABLE public.dashboard_reports ALTER COLUMN id ADD GENERATED BY DEFAULT AS IDENTITY (
    SEQUENCE NAME public.dashboard_reports_id_seq
    START WITH 1
    INCREMENT BY 1
    NO MINVALUE
    NO MAXVALUE
    CACHE 1
);


--
-- Name: dashboard_resource; Type: TABLE; Schema: public; Owner: angelcruz
--

CREATE TABLE public.dashboard_resource (
    id bigint NOT NULL,
    name character varying(50) NOT NULL
);


ALTER TABLE public.dashboard_resource OWNER TO angelcruz;

--
-- Name: dashboard_resource_id_seq; Type: SEQUENCE; Schema: public; Owner: angelcruz
--

ALTER TABLE public.dashboard_resource ALTER COLUMN id ADD GENERATED BY DEFAULT AS IDENTITY (
    SEQUENCE NAME public.dashboard_resource_id_seq
    START WITH 1
    INCREMENT BY 1
    NO MINVALUE
    NO MAXVALUE
    CACHE 1
);


--
-- Name: dashboard_subresource; Type: TABLE; Schema: public; Owner: angelcruz
--

CREATE TABLE public.dashboard_subresource (
    id bigint NOT NULL,
    name character varying(50) NOT NULL,
    id_resource_id bigint NOT NULL
);


ALTER TABLE public.dashboard_subresource OWNER TO angelcruz;

--
-- Name: dashboard_subresource_id_seq; Type: SEQUENCE; Schema: public; Owner: angelcruz
--

ALTER TABLE public.dashboard_subresource ALTER COLUMN id ADD GENERATED BY DEFAULT AS IDENTITY (
    SEQUENCE NAME public.dashboard_subresource_id_seq
    START WITH 1
    INCREMENT BY 1
    NO MINVALUE
    NO MAXVALUE
    CACHE 1
);


--
-- Name: django_admin_log; Type: TABLE; Schema: public; Owner: angelcruz
--

CREATE TABLE public.django_admin_log (
    id integer NOT NULL,
    action_time timestamp with time zone NOT NULL,
    object_id text,
    object_repr character varying(200) NOT NULL,
    action_flag smallint NOT NULL,
    change_message text NOT NULL,
    content_type_id integer,
    user_id integer NOT NULL,
    CONSTRAINT django_admin_log_action_flag_check CHECK ((action_flag >= 0))
);


ALTER TABLE public.django_admin_log OWNER TO angelcruz;

--
-- Name: django_admin_log_id_seq; Type: SEQUENCE; Schema: public; Owner: angelcruz
--

ALTER TABLE public.django_admin_log ALTER COLUMN id ADD GENERATED BY DEFAULT AS IDENTITY (
    SEQUENCE NAME public.django_admin_log_id_seq
    START WITH 1
    INCREMENT BY 1
    NO MINVALUE
    NO MAXVALUE
    CACHE 1
);


--
-- Name: django_content_type; Type: TABLE; Schema: public; Owner: angelcruz
--

CREATE TABLE public.django_content_type (
    id integer NOT NULL,
    app_label character varying(100) NOT NULL,
    model character varying(100) NOT NULL
);


ALTER TABLE public.django_content_type OWNER TO angelcruz;

--
-- Name: django_content_type_id_seq; Type: SEQUENCE; Schema: public; Owner: angelcruz
--

ALTER TABLE public.django_content_type ALTER COLUMN id ADD GENERATED BY DEFAULT AS IDENTITY (
    SEQUENCE NAME public.django_content_type_id_seq
    START WITH 1
    INCREMENT BY 1
    NO MINVALUE
    NO MAXVALUE
    CACHE 1
);


--
-- Name: django_migrations; Type: TABLE; Schema: public; Owner: angelcruz
--

CREATE TABLE public.django_migrations (
    id bigint NOT NULL,
    app character varying(255) NOT NULL,
    name character varying(255) NOT NULL,
    applied timestamp with time zone NOT NULL
);


ALTER TABLE public.django_migrations OWNER TO angelcruz;

--
-- Name: django_migrations_id_seq; Type: SEQUENCE; Schema: public; Owner: angelcruz
--

ALTER TABLE public.django_migrations ALTER COLUMN id ADD GENERATED BY DEFAULT AS IDENTITY (
    SEQUENCE NAME public.django_migrations_id_seq
    START WITH 1
    INCREMENT BY 1
    NO MINVALUE
    NO MAXVALUE
    CACHE 1
);


--
-- Name: django_session; Type: TABLE; Schema: public; Owner: angelcruz
--

CREATE TABLE public.django_session (
    session_key character varying(40) NOT NULL,
    session_data text NOT NULL,
    expire_date timestamp with time zone NOT NULL
);


ALTER TABLE public.django_session OWNER TO angelcruz;

--
-- Data for Name: auth_group; Type: TABLE DATA; Schema: public; Owner: angelcruz
--

COPY public.auth_group (id, name) FROM stdin;
\.


--
-- Data for Name: auth_group_permissions; Type: TABLE DATA; Schema: public; Owner: angelcruz
--

COPY public.auth_group_permissions (id, group_id, permission_id) FROM stdin;
\.


--
-- Data for Name: auth_permission; Type: TABLE DATA; Schema: public; Owner: angelcruz
--

COPY public.auth_permission (id, name, content_type_id, codename) FROM stdin;
1	Can add log entry	1	add_logentry
2	Can change log entry	1	change_logentry
3	Can delete log entry	1	delete_logentry
4	Can view log entry	1	view_logentry
5	Can add permission	2	add_permission
6	Can change permission	2	change_permission
7	Can delete permission	2	delete_permission
8	Can view permission	2	view_permission
9	Can add group	3	add_group
10	Can change group	3	change_group
11	Can delete group	3	delete_group
12	Can view group	3	view_group
13	Can add user	4	add_user
14	Can change user	4	change_user
15	Can delete user	4	delete_user
16	Can view user	4	view_user
17	Can add content type	5	add_contenttype
18	Can change content type	5	change_contenttype
19	Can delete content type	5	delete_contenttype
20	Can view content type	5	view_contenttype
21	Can add session	6	add_session
22	Can change session	6	change_session
23	Can delete session	6	delete_session
24	Can view session	6	view_session
25	Can add projects	7	add_projects
26	Can change projects	7	change_projects
27	Can delete projects	7	delete_projects
28	Can view projects	7	view_projects
29	Can add resource	8	add_resource
30	Can change resource	8	change_resource
31	Can delete resource	8	delete_resource
32	Can view resource	8	view_resource
33	Can add phase	9	add_phase
34	Can change phase	9	change_phase
35	Can delete phase	9	delete_phase
36	Can view phase	9	view_phase
37	Can add operation	10	add_operation
38	Can change operation	10	change_operation
39	Can delete operation	10	delete_operation
40	Can view operation	10	view_operation
41	Can add subresource	11	add_subresource
42	Can change subresource	11	change_subresource
43	Can delete subresource	11	delete_subresource
44	Can view subresource	11	view_subresource
45	Can add rating	12	add_rating
46	Can change rating	12	change_rating
47	Can delete rating	12	delete_rating
48	Can view rating	12	view_rating
49	Can add impact	13	add_impact
50	Can change impact	13	change_impact
51	Can delete impact	13	delete_impact
52	Can view impact	13	view_impact
53	Can add reports	14	add_reports
54	Can change reports	14	change_reports
55	Can delete reports	14	delete_reports
56	Can view reports	14	view_reports
\.


--
-- Data for Name: auth_user; Type: TABLE DATA; Schema: public; Owner: angelcruz
--

COPY public.auth_user (id, password, last_login, is_superuser, username, first_name, last_name, email, is_staff, is_active, date_joined) FROM stdin;
1	pbkdf2_sha256$870000$lK5E1scZlmhw8bHVI7E7w7$SL1DkHTan+MIu5fVmlVMW8F2+nHfAy/H1RClgj3V5Wk=	2025-05-04 15:18:55.878254-06	t	admin				t	t	2025-05-04 15:18:40.86371-06
\.


--
-- Data for Name: auth_user_groups; Type: TABLE DATA; Schema: public; Owner: angelcruz
--

COPY public.auth_user_groups (id, user_id, group_id) FROM stdin;
\.


--
-- Data for Name: auth_user_user_permissions; Type: TABLE DATA; Schema: public; Owner: angelcruz
--

COPY public.auth_user_user_permissions (id, user_id, permission_id) FROM stdin;
\.


--
-- Data for Name: dashboard_impact; Type: TABLE DATA; Schema: public; Owner: angelcruz
--

COPY public.dashboard_impact (id, id_operation_id, id_subresource_id, is_marked) FROM stdin;
2	4	2	t
3	5	2	t
4	7	2	t
5	7	3	t
6	7	4	t
7	4	5	t
8	5	5	t
9	6	5	t
10	7	5	t
11	7	6	t
13	5	6	t
16	4	8	t
17	5	8	t
18	6	8	t
19	7	8	t
20	4	9	t
21	5	9	t
22	7	9	t
23	4	10	t
24	5	10	t
25	4	11	t
26	5	11	t
27	7	10	t
28	7	11	t
29	4	12	t
30	5	12	t
31	7	12	t
32	4	13	t
33	5	13	t
34	6	13	t
35	7	13	t
36	4	14	t
37	5	14	t
38	6	14	t
39	7	14	t
40	6	15	t
41	10	2	t
42	9	2	t
43	9	3	t
44	8	3	t
45	8	4	t
46	9	4	t
47	8	5	t
48	11	5	t
49	8	6	t
50	9	6	t
51	10	6	t
52	11	6	t
56	11	8	t
57	10	8	t
58	8	9	t
59	8	10	t
60	11	10	t
61	11	11	t
62	8	11	t
63	10	12	t
64	8	13	t
65	9	13	t
66	10	13	t
67	11	13	t
68	8	14	t
69	9	14	t
70	10	14	t
71	11	14	t
72	11	15	t
73	10	15	t
74	13	2	t
75	13	3	t
76	15	3	t
77	13	4	t
78	15	6	t
79	13	5	t
80	12	6	t
82	14	8	t
83	15	9	t
84	12	9	t
85	12	8	t
86	14	10	t
87	13	12	t
88	15	11	t
89	13	11	t
90	15	10	t
91	12	10	t
92	13	13	t
93	15	13	t
94	15	12	t
95	12	12	t
96	14	14	t
97	12	14	t
98	15	14	t
99	12	15	t
100	13	15	t
101	15	15	t
102	15	2	t
\.


--
-- Data for Name: dashboard_operation; Type: TABLE DATA; Schema: public; Owner: angelcruz
--

COPY public.dashboard_operation (id, name, id_phase_id) FROM stdin;
1	limpizea	4
2	almacenaje	5
3	mantenimiento	6
4	limpieza	7
5	despalme	7
6	cercado	7
7	excabacion de zanjas	7
8	colocacion de capas subrasante	8
9	obras de drenaje	8
10	obras complementarias	8
11	señalizacion y seguridad	8
12	mantenimiento rutinario	9
13	mantenimiento preventivo	9
14	mantenimiento correctivo	9
15	mantenimiento mayor	9
\.


--
-- Data for Name: dashboard_phase; Type: TABLE DATA; Schema: public; Owner: angelcruz
--

COPY public.dashboard_phase (id, name, id_project_id) FROM stdin;
1	preparacion	1
2	construccion	1
3	operacion	1
4	preparacion	2
5	construccion	2
6	operacion	2
7	preparacion	3
8	construccion	3
9	operacion	3
\.


--
-- Data for Name: dashboard_projects; Type: TABLE DATA; Schema: public; Owner: angelcruz
--

COPY public.dashboard_projects (id, name, creation_date) FROM stdin;
1	Prueba 01	2025-05-02
2	Prueba 02	2025-05-04
3	Ejemplo	2025-05-04
\.


--
-- Data for Name: dashboard_rating; Type: TABLE DATA; Schema: public; Owner: angelcruz
--

COPY public.dashboard_rating (id, intensity, importance, extension, persistence, reversibility, description, id_phase_id, id_subresource_id) FROM stdin;
34	2	2	3	1	3	NA	9	4
15	2	1	2	5	1	A causa de la contaminacion visual la fauna se ve forzada a desplazarse.	7	13
7	2	1	2	5	5	Remosion de la capa organica.	7	5
16	1	1	2	5	1	Se ve forzada a desplazarse al perturbar el habitat.	7	14
36	1	1	1	1	1	NA	9	6
8	2	1	2	5	2	La fertilidad del suelo se ve alterada.	7	6
17	1	1	2	5	1	Se ve afectada la vista por dicha actividad.	7	15
10	3	3	2	5	2	Estructura alterada al remover y excabar.	7	8
25	3	2	2	3	5	NA	8	9
18	3	2	5	2	1	NA	8	2
35	2	3	2	3	3	NA	9	5
26	2	3	3	5	2	NA	8	10
27	2	3	3	2	5	NA	8	11
4	2	3	2	5	1	Contaminacion del arroyo por particulas de suelo.	7	2
19	2	5	3	2	5	NA	8	3
11	2	3	5	2	1	Contaminacion con particulas de suelo en el aire.	7	9
5	2	3	2	5	3	Alteracion del flujo de agua con las excavaciones.	7	3
20	5	2	2	3	2	NA	8	4
28	2	3	3	5	2	NA	8	12
12	5	5	2	5	3	Eliminacion de la materia vegetal.	7	10
6	3	5	5	5	3	Disminucion de la infiltracion del agua.	7	4
38	2	2	3	3	3	NA	9	8
21	5	2	2	1	3	NA	8	5
13	2	5	2	5	3	Disminucion de especies.	7	11
29	2	2	2	3	3	NA	8	13
39	3	3	2	3	1	NA	9	9
14	5	5	2	5	3	La cobertura se reduce al retirar desde raiz.	7	12
40	1	2	1	3	1	NA	9	10
22	2	3	2	3	5	NA	8	6
42	1	3	1	1	1	NA	9	12
30	2	3	2	3	3	NA	8	14
43	1	1	1	3	1	NA	9	13
41	1	1	1	2	1	NA	9	11
44	1	2	1	1	1	NA	9	14
24	2	3	3	2	2	NA	8	8
31	2	3	2	3	2	NA	8	15
45	2	1	3	1	3	NA	9	15
32	2	3	2	3	2	NA	9	2
33	2	5	2	3	1	NA	9	3
\.


--
-- Data for Name: dashboard_reports; Type: TABLE DATA; Schema: public; Owner: angelcruz
--

COPY public.dashboard_reports (id, content, id_project_id) FROM stdin;
6	A continuación se presenta un **informe técnico** sobre el impacto ambiental causado por las operaciones en cada una de las fases del proyecto: Preparación, Construcción y Operación. Se indican los factores ambientales afectados, las actividades asociadas y una síntesis de calificaciones por: Intensidad, Importancia, Extensión, Persistencia y Reversibilidad.\n\n---\n\n# INFORME TÉCNICO  \n**Evaluación del Impacto Ambiental en las Diferentes Fases del Proyecto**\n\n---\n\n## 1. Fase de Preparación\n\nDurante esta fase se ejecutan actividades de limpieza, despalme, cercado y excavación de zanjas. Éstas afectan principalmente los componentes físico–bióticos del entorno.\n\n### Impactos Identificados:\n- **Calidad del Agua Superficial:**  \n  Las actividades implican la remoción de suelo y vegetación, incrementando el arrastre de sólidos hacia cuerpos de agua.  \n  - *Calif.:* Intensidad (2), Importancia (3), Extensión (2), Persistencia (5), Reversibilidad (1)\n\n- **Flujo de Agua Superficial:**  \n  La excavación de zanjas modifica la escorrentía, provocando alteraciones hidrológicas puntuales.  \n  - *Calif.:* Intensidad (2), Importancia (3), Extensión (2), Persistencia (5), Reversibilidad (3)\n\n- **Recarga del Acuífero:**  \n  La remoción de cobertura vegetal y excavaciones afectan la infiltración y, por tanto, la recarga de acuíferos.  \n  - *Calif.:* Intensidad (3), Importancia (5), Extensión (5), Persistencia (5), Reversibilidad (3)\n\n- **Capa Orgánica, Fertilidad y Estructura del Suelo:**  \n  El despalme, limpieza y excavaciones reducen la capacidad productiva del suelo, alterando su estructura y fertilidad.  \n  - *Calif. promedio:* Intensidad (2-3), Importancia (1-3), Extensión (2), Persistencia (5), Reversibilidad (2-5)\n\n- **Calidad de Aire:**  \n  Estas actividades generan polvo y material particulado.  \n  - *Calif.:* Intensidad (2), Importancia (3), Extensión (5), Persistencia (2), Reversibilidad (1)\n\n- **Flora y Cobertura Vegetal:**  \n  Se identifica pérdida alta de cobertura y flora nativa, afectando así la biodiversidad local.  \n  - *Calif.:* Intensidad (5), Importancia (5), Extensión (2), Persistencia (5), Reversibilidad (3)\n\n- **Fauna Nativa y Exótica:**  \n  El ruido y el movimiento de maquinaria provocan desplazamiento de fauna nativa y alteraciones menores en especies exóticas.  \n  - *Calif.:* Intensidad (1-2), Importancia (1), Extensión (2), Persistencia (5), Reversibilidad (1)\n\n- **Paisaje Urbano:**  \n  La instalación de cercados afecta visualmente en forma menor.  \n  - *Calif.:* Intensidad (1), Importancia (1), Extensión (2), Persistencia (5), Reversibilidad (1)\n\n**Resumen Fase Preparación:**  \nLos impactos más significativos son la alteración de la recarga del acuífero, pérdida de flora y cobertura vegetal, y alteraciones duraderas en estructura y capa orgánica del suelo. La mayoría tienen alta persistencia y dificultad de reversión.\n\n---\n\n## 2. Fase de Construcción\n\nIncluye la colocación de capas de subrasante, obras de drenaje, construcción de obras complementarias y señalización.\n\n### Impactos Identificados:\n- **Cal	3
\.


--
-- Data for Name: dashboard_resource; Type: TABLE DATA; Schema: public; Owner: angelcruz
--

COPY public.dashboard_resource (id, name) FROM stdin;
1	Agua
2	Suelo
3	Aire
4	Flora
5	Fauna
6	Paisaje
\.


--
-- Data for Name: dashboard_subresource; Type: TABLE DATA; Schema: public; Owner: angelcruz
--

COPY public.dashboard_subresource (id, name, id_resource_id) FROM stdin;
2	Calidad del Agua Superficial	1
3	Flujo de agua superficial	1
4	Recarga del acuifero	1
5	Capa orgánica	2
6	Fertilidad	2
8	Estructura	2
9	calidad de aire	3
10	Flora nativa	4
11	Diversidad	4
12	Cobertura	4
13	Fauna nativa.	5
14	Fauna exótica	5
15	Paisaje urbano	6
\.


--
-- Data for Name: django_admin_log; Type: TABLE DATA; Schema: public; Owner: angelcruz
--

COPY public.django_admin_log (id, action_time, object_id, object_repr, action_flag, change_message, content_type_id, user_id) FROM stdin;
1	2025-05-04 15:19:12.47079-06	1	Agua	1	[{"added": {}}]	8	1
2	2025-05-04 15:19:23.995137-06	1	<subresource Acueductos>	1	[{"added": {}}]	11	1
3	2025-05-04 15:48:09.71599-06	2	Suelo	1	[{"added": {}}]	8	1
4	2025-05-04 15:48:12.82649-06	3	Aire	1	[{"added": {}}]	8	1
5	2025-05-04 15:48:16.676322-06	4	Flora	1	[{"added": {}}]	8	1
6	2025-05-04 15:48:20.468144-06	5	Fauna	1	[{"added": {}}]	8	1
7	2025-05-04 15:48:25.923287-06	6	Paisaje	1	[{"added": {}}]	8	1
8	2025-05-04 15:48:39.433167-06	1	<subresource Acueductos>	3		11	1
9	2025-05-04 15:48:58.350402-06	2	<subresource Calidad del Agua Superficial>	1	[{"added": {}}]	11	1
10	2025-05-04 15:49:09.166384-06	3	<subresource Flujo de agua superficial>	1	[{"added": {}}]	11	1
11	2025-05-04 15:49:10.90848-06	3	<subresource Flujo de agua superficial>	2	[]	11	1
12	2025-05-04 15:49:17.147423-06	4	<subresource Recarga del acuifero>	1	[{"added": {}}]	11	1
13	2025-05-04 15:49:21.70117-06	5	<subresource Capa orgánica>	1	[{"added": {}}]	11	1
14	2025-05-04 15:49:28.01425-06	6	<subresource Fertilidad>	1	[{"added": {}}]	11	1
15	2025-05-04 15:49:34.110465-06	7	<subresource Calidad del suelo>	1	[{"added": {}}]	11	1
16	2025-05-04 15:49:38.232086-06	8	<subresource Estructura>	1	[{"added": {}}]	11	1
17	2025-05-04 15:49:44.65411-06	9	<subresource calidad de aire>	1	[{"added": {}}]	11	1
18	2025-05-04 15:49:49.85382-06	10	<subresource Flora nativa>	1	[{"added": {}}]	11	1
19	2025-05-04 15:49:55.585158-06	11	<subresource Diversidad>	1	[{"added": {}}]	11	1
20	2025-05-04 15:50:01.845859-06	12	<subresource Cobertura>	1	[{"added": {}}]	11	1
21	2025-05-04 15:50:07.032626-06	13	<subresource Fauna nativa.>	1	[{"added": {}}]	11	1
22	2025-05-04 15:50:11.925057-06	14	<subresource Fauna exótica>	1	[{"added": {}}]	11	1
23	2025-05-04 15:50:18.035115-06	15	<subresource Paisaje urbano>	1	[{"added": {}}]	11	1
24	2025-05-04 16:24:21.985076-06	7	<subresource Calidad del suelo>	3		11	1
25	2025-05-04 16:34:55.107962-06	3	reports object (3)	3		14	1
26	2025-05-04 16:38:36.037528-06	4	reports object (4)	3		14	1
27	2025-05-04 16:47:29.188298-06	5	reports object (5)	3		14	1
\.


--
-- Data for Name: django_content_type; Type: TABLE DATA; Schema: public; Owner: angelcruz
--

COPY public.django_content_type (id, app_label, model) FROM stdin;
1	admin	logentry
2	auth	permission
3	auth	group
4	auth	user
5	contenttypes	contenttype
6	sessions	session
7	dashboard	projects
8	dashboard	resource
9	dashboard	phase
10	dashboard	operation
11	dashboard	subresource
12	dashboard	rating
13	dashboard	impact
14	dashboard	reports
\.


--
-- Data for Name: django_migrations; Type: TABLE DATA; Schema: public; Owner: angelcruz
--

COPY public.django_migrations (id, app, name, applied) FROM stdin;
1	contenttypes	0001_initial	2025-05-02 21:53:47.569391-06
2	auth	0001_initial	2025-05-02 21:53:47.616081-06
3	admin	0001_initial	2025-05-02 21:53:47.640852-06
4	admin	0002_logentry_remove_auto_add	2025-05-02 21:53:47.645782-06
5	admin	0003_logentry_add_action_flag_choices	2025-05-02 21:53:47.649789-06
6	contenttypes	0002_remove_content_type_name	2025-05-02 21:53:47.658765-06
7	auth	0002_alter_permission_name_max_length	2025-05-02 21:53:47.663711-06
8	auth	0003_alter_user_email_max_length	2025-05-02 21:53:47.667709-06
9	auth	0004_alter_user_username_opts	2025-05-02 21:53:47.672707-06
10	auth	0005_alter_user_last_login_null	2025-05-02 21:53:47.679581-06
11	auth	0006_require_contenttypes_0002	2025-05-02 21:53:47.680486-06
12	auth	0007_alter_validators_add_error_messages	2025-05-02 21:53:47.685492-06
13	auth	0008_alter_user_username_max_length	2025-05-02 21:53:47.69243-06
14	auth	0009_alter_user_last_name_max_length	2025-05-02 21:53:47.699433-06
15	auth	0010_alter_group_name_max_length	2025-05-02 21:53:47.704322-06
16	auth	0011_update_proxy_permissions	2025-05-02 21:53:47.708235-06
17	auth	0012_alter_user_first_name_max_length	2025-05-02 21:53:47.714242-06
18	dashboard	0001_initial	2025-05-02 21:53:47.718246-06
19	dashboard	0002_alter_projects_id	2025-05-02 21:53:47.719248-06
20	dashboard	0003_alter_projects_id	2025-05-02 21:53:47.725191-06
21	dashboard	0004_alter_projects_creation_date	2025-05-02 21:53:47.727189-06
22	dashboard	0005_resource_alter_projects_creation_date_phase_and_more	2025-05-02 21:53:47.770777-06
23	dashboard	0006_alter_subresource_name	2025-05-02 21:53:47.773785-06
24	dashboard	0007_alter_impact_observation_alter_rating_description	2025-05-02 21:53:47.780701-06
25	dashboard	0008_alter_phase_id_project	2025-05-02 21:53:47.784659-06
26	dashboard	0009_alter_operation_id_phase_and_more	2025-05-02 21:53:47.791565-06
27	dashboard	0010_impact_is_marked_alter_impact_observation_and_more	2025-05-02 21:53:47.802656-06
28	sessions	0001_initial	2025-05-02 21:53:47.809535-06
29	dashboard	0011_alter_operation_description_alter_rating_extension_and_more	2025-05-04 15:12:24.158283-06
30	dashboard	0012_alter_rating_description	2025-05-04 15:12:24.165283-06
31	dashboard	0013_alter_operation_name_alter_phase_name_and_more	2025-05-04 15:12:24.174416-06
32	dashboard	0014_alter_rating_id_phase_alter_rating_id_subresource	2025-05-04 15:12:24.180418-06
33	dashboard	0015_alter_impact_id_operation_and_more	2025-05-04 15:12:24.190553-06
34	dashboard	0016_remove_impact_observation_and_more	2025-05-04 15:12:24.218814-06
35	dashboard	0017_alter_reports_content	2025-05-04 15:12:24.220809-06
36	dashboard	0018_alter_reports_content	2025-05-04 15:12:24.223809-06
\.


--
-- Data for Name: django_session; Type: TABLE DATA; Schema: public; Owner: angelcruz
--

COPY public.django_session (session_key, session_data, expire_date) FROM stdin;
4paybfqd1sdxogjmxqv4tkr1ouwy9tdv	.eJxVjEEOgjAQRe_StWna2jKMS_ecoRmmM4IaSCisjHdXEha6_e-9_zKZtnXIW5Ulj8VcjDen360nfsi0g3Kn6TZbnqd1GXu7K_ag1XZzkef1cP8OBqrDt44IGKh3hc4lAYMPGKkEQgkBfKuiDSOzAib26JwQtV41qUDbxAjm_QHoBDgc:1uBgjf:ux2UnW3lzA7IL9D123JHZSaxa6Wszi2Q7fysQuaVoZQ	2025-05-18 15:18:55.88125-06
\.


--
-- Name: auth_group_id_seq; Type: SEQUENCE SET; Schema: public; Owner: angelcruz
--

SELECT pg_catalog.setval('public.auth_group_id_seq', 1, false);


--
-- Name: auth_group_permissions_id_seq; Type: SEQUENCE SET; Schema: public; Owner: angelcruz
--

SELECT pg_catalog.setval('public.auth_group_permissions_id_seq', 1, false);


--
-- Name: auth_permission_id_seq; Type: SEQUENCE SET; Schema: public; Owner: angelcruz
--

SELECT pg_catalog.setval('public.auth_permission_id_seq', 56, true);


--
-- Name: auth_user_groups_id_seq; Type: SEQUENCE SET; Schema: public; Owner: angelcruz
--

SELECT pg_catalog.setval('public.auth_user_groups_id_seq', 1, false);


--
-- Name: auth_user_id_seq; Type: SEQUENCE SET; Schema: public; Owner: angelcruz
--

SELECT pg_catalog.setval('public.auth_user_id_seq', 1, true);


--
-- Name: auth_user_user_permissions_id_seq; Type: SEQUENCE SET; Schema: public; Owner: angelcruz
--

SELECT pg_catalog.setval('public.auth_user_user_permissions_id_seq', 1, false);


--
-- Name: dashboard_impact_id_seq; Type: SEQUENCE SET; Schema: public; Owner: angelcruz
--

SELECT pg_catalog.setval('public.dashboard_impact_id_seq', 102, true);


--
-- Name: dashboard_operation_id_seq; Type: SEQUENCE SET; Schema: public; Owner: angelcruz
--

SELECT pg_catalog.setval('public.dashboard_operation_id_seq', 15, true);


--
-- Name: dashboard_phase_id_seq; Type: SEQUENCE SET; Schema: public; Owner: angelcruz
--

SELECT pg_catalog.setval('public.dashboard_phase_id_seq', 9, true);


--
-- Name: dashboard_projects_id_seq; Type: SEQUENCE SET; Schema: public; Owner: angelcruz
--

SELECT pg_catalog.setval('public.dashboard_projects_id_seq', 3, true);


--
-- Name: dashboard_rating_id_seq; Type: SEQUENCE SET; Schema: public; Owner: angelcruz
--

SELECT pg_catalog.setval('public.dashboard_rating_id_seq', 45, true);


--
-- Name: dashboard_reports_id_seq; Type: SEQUENCE SET; Schema: public; Owner: angelcruz
--

SELECT pg_catalog.setval('public.dashboard_reports_id_seq', 6, true);


--
-- Name: dashboard_resource_id_seq; Type: SEQUENCE SET; Schema: public; Owner: angelcruz
--

SELECT pg_catalog.setval('public.dashboard_resource_id_seq', 6, true);


--
-- Name: dashboard_subresource_id_seq; Type: SEQUENCE SET; Schema: public; Owner: angelcruz
--

SELECT pg_catalog.setval('public.dashboard_subresource_id_seq', 15, true);


--
-- Name: django_admin_log_id_seq; Type: SEQUENCE SET; Schema: public; Owner: angelcruz
--

SELECT pg_catalog.setval('public.django_admin_log_id_seq', 27, true);


--
-- Name: django_content_type_id_seq; Type: SEQUENCE SET; Schema: public; Owner: angelcruz
--

SELECT pg_catalog.setval('public.django_content_type_id_seq', 14, true);


--
-- Name: django_migrations_id_seq; Type: SEQUENCE SET; Schema: public; Owner: angelcruz
--

SELECT pg_catalog.setval('public.django_migrations_id_seq', 36, true);


--
-- Name: auth_group auth_group_name_key; Type: CONSTRAINT; Schema: public; Owner: angelcruz
--

ALTER TABLE ONLY public.auth_group
    ADD CONSTRAINT auth_group_name_key UNIQUE (name);


--
-- Name: auth_group_permissions auth_group_permissions_group_id_permission_id_0cd325b0_uniq; Type: CONSTRAINT; Schema: public; Owner: angelcruz
--

ALTER TABLE ONLY public.auth_group_permissions
    ADD CONSTRAINT auth_group_permissions_group_id_permission_id_0cd325b0_uniq UNIQUE (group_id, permission_id);


--
-- Name: auth_group_permissions auth_group_permissions_pkey; Type: CONSTRAINT; Schema: public; Owner: angelcruz
--

ALTER TABLE ONLY public.auth_group_permissions
    ADD CONSTRAINT auth_group_permissions_pkey PRIMARY KEY (id);


--
-- Name: auth_group auth_group_pkey; Type: CONSTRAINT; Schema: public; Owner: angelcruz
--

ALTER TABLE ONLY public.auth_group
    ADD CONSTRAINT auth_group_pkey PRIMARY KEY (id);


--
-- Name: auth_permission auth_permission_content_type_id_codename_01ab375a_uniq; Type: CONSTRAINT; Schema: public; Owner: angelcruz
--

ALTER TABLE ONLY public.auth_permission
    ADD CONSTRAINT auth_permission_content_type_id_codename_01ab375a_uniq UNIQUE (content_type_id, codename);


--
-- Name: auth_permission auth_permission_pkey; Type: CONSTRAINT; Schema: public; Owner: angelcruz
--

ALTER TABLE ONLY public.auth_permission
    ADD CONSTRAINT auth_permission_pkey PRIMARY KEY (id);


--
-- Name: auth_user_groups auth_user_groups_pkey; Type: CONSTRAINT; Schema: public; Owner: angelcruz
--

ALTER TABLE ONLY public.auth_user_groups
    ADD CONSTRAINT auth_user_groups_pkey PRIMARY KEY (id);


--
-- Name: auth_user_groups auth_user_groups_user_id_group_id_94350c0c_uniq; Type: CONSTRAINT; Schema: public; Owner: angelcruz
--

ALTER TABLE ONLY public.auth_user_groups
    ADD CONSTRAINT auth_user_groups_user_id_group_id_94350c0c_uniq UNIQUE (user_id, group_id);


--
-- Name: auth_user auth_user_pkey; Type: CONSTRAINT; Schema: public; Owner: angelcruz
--

ALTER TABLE ONLY public.auth_user
    ADD CONSTRAINT auth_user_pkey PRIMARY KEY (id);


--
-- Name: auth_user_user_permissions auth_user_user_permissions_pkey; Type: CONSTRAINT; Schema: public; Owner: angelcruz
--

ALTER TABLE ONLY public.auth_user_user_permissions
    ADD CONSTRAINT auth_user_user_permissions_pkey PRIMARY KEY (id);


--
-- Name: auth_user_user_permissions auth_user_user_permissions_user_id_permission_id_14a6b632_uniq; Type: CONSTRAINT; Schema: public; Owner: angelcruz
--

ALTER TABLE ONLY public.auth_user_user_permissions
    ADD CONSTRAINT auth_user_user_permissions_user_id_permission_id_14a6b632_uniq UNIQUE (user_id, permission_id);


--
-- Name: auth_user auth_user_username_key; Type: CONSTRAINT; Schema: public; Owner: angelcruz
--

ALTER TABLE ONLY public.auth_user
    ADD CONSTRAINT auth_user_username_key UNIQUE (username);


--
-- Name: dashboard_impact dashboard_impact_id_operation_id_id_subre_c1a86bcb_uniq; Type: CONSTRAINT; Schema: public; Owner: angelcruz
--

ALTER TABLE ONLY public.dashboard_impact
    ADD CONSTRAINT dashboard_impact_id_operation_id_id_subre_c1a86bcb_uniq UNIQUE (id_operation_id, id_subresource_id);


--
-- Name: dashboard_impact dashboard_impact_pkey; Type: CONSTRAINT; Schema: public; Owner: angelcruz
--

ALTER TABLE ONLY public.dashboard_impact
    ADD CONSTRAINT dashboard_impact_pkey PRIMARY KEY (id);


--
-- Name: dashboard_operation dashboard_operation_pkey; Type: CONSTRAINT; Schema: public; Owner: angelcruz
--

ALTER TABLE ONLY public.dashboard_operation
    ADD CONSTRAINT dashboard_operation_pkey PRIMARY KEY (id);


--
-- Name: dashboard_phase dashboard_phase_pkey; Type: CONSTRAINT; Schema: public; Owner: angelcruz
--

ALTER TABLE ONLY public.dashboard_phase
    ADD CONSTRAINT dashboard_phase_pkey PRIMARY KEY (id);


--
-- Name: dashboard_projects dashboard_projects_pkey; Type: CONSTRAINT; Schema: public; Owner: angelcruz
--

ALTER TABLE ONLY public.dashboard_projects
    ADD CONSTRAINT dashboard_projects_pkey PRIMARY KEY (id);


--
-- Name: dashboard_rating dashboard_rating_pkey; Type: CONSTRAINT; Schema: public; Owner: angelcruz
--

ALTER TABLE ONLY public.dashboard_rating
    ADD CONSTRAINT dashboard_rating_pkey PRIMARY KEY (id);


--
-- Name: dashboard_reports dashboard_reports_pkey; Type: CONSTRAINT; Schema: public; Owner: angelcruz
--

ALTER TABLE ONLY public.dashboard_reports
    ADD CONSTRAINT dashboard_reports_pkey PRIMARY KEY (id);


--
-- Name: dashboard_resource dashboard_resource_pkey; Type: CONSTRAINT; Schema: public; Owner: angelcruz
--

ALTER TABLE ONLY public.dashboard_resource
    ADD CONSTRAINT dashboard_resource_pkey PRIMARY KEY (id);


--
-- Name: dashboard_subresource dashboard_subresource_pkey; Type: CONSTRAINT; Schema: public; Owner: angelcruz
--

ALTER TABLE ONLY public.dashboard_subresource
    ADD CONSTRAINT dashboard_subresource_pkey PRIMARY KEY (id);


--
-- Name: django_admin_log django_admin_log_pkey; Type: CONSTRAINT; Schema: public; Owner: angelcruz
--

ALTER TABLE ONLY public.django_admin_log
    ADD CONSTRAINT django_admin_log_pkey PRIMARY KEY (id);


--
-- Name: django_content_type django_content_type_app_label_model_76bd3d3b_uniq; Type: CONSTRAINT; Schema: public; Owner: angelcruz
--

ALTER TABLE ONLY public.django_content_type
    ADD CONSTRAINT django_content_type_app_label_model_76bd3d3b_uniq UNIQUE (app_label, model);


--
-- Name: django_content_type django_content_type_pkey; Type: CONSTRAINT; Schema: public; Owner: angelcruz
--

ALTER TABLE ONLY public.django_content_type
    ADD CONSTRAINT django_content_type_pkey PRIMARY KEY (id);


--
-- Name: django_migrations django_migrations_pkey; Type: CONSTRAINT; Schema: public; Owner: angelcruz
--

ALTER TABLE ONLY public.django_migrations
    ADD CONSTRAINT django_migrations_pkey PRIMARY KEY (id);


--
-- Name: django_session django_session_pkey; Type: CONSTRAINT; Schema: public; Owner: angelcruz
--

ALTER TABLE ONLY public.django_session
    ADD CONSTRAINT django_session_pkey PRIMARY KEY (session_key);


--
-- Name: auth_group_name_a6ea08ec_like; Type: INDEX; Schema: public; Owner: angelcruz
--

CREATE INDEX auth_group_name_a6ea08ec_like ON public.auth_group USING btree (name varchar_pattern_ops);


--
-- Name: auth_group_permissions_group_id_b120cbf9; Type: INDEX; Schema: public; Owner: angelcruz
--

CREATE INDEX auth_group_permissions_group_id_b120cbf9 ON public.auth_group_permissions USING btree (group_id);


--
-- Name: auth_group_permissions_permission_id_84c5c92e; Type: INDEX; Schema: public; Owner: angelcruz
--

CREATE INDEX auth_group_permissions_permission_id_84c5c92e ON public.auth_group_permissions USING btree (permission_id);


--
-- Name: auth_permission_content_type_id_2f476e4b; Type: INDEX; Schema: public; Owner: angelcruz
--

CREATE INDEX auth_permission_content_type_id_2f476e4b ON public.auth_permission USING btree (content_type_id);


--
-- Name: auth_user_groups_group_id_97559544; Type: INDEX; Schema: public; Owner: angelcruz
--

CREATE INDEX auth_user_groups_group_id_97559544 ON public.auth_user_groups USING btree (group_id);


--
-- Name: auth_user_groups_user_id_6a12ed8b; Type: INDEX; Schema: public; Owner: angelcruz
--

CREATE INDEX auth_user_groups_user_id_6a12ed8b ON public.auth_user_groups USING btree (user_id);


--
-- Name: auth_user_user_permissions_permission_id_1fbb5f2c; Type: INDEX; Schema: public; Owner: angelcruz
--

CREATE INDEX auth_user_user_permissions_permission_id_1fbb5f2c ON public.auth_user_user_permissions USING btree (permission_id);


--
-- Name: auth_user_user_permissions_user_id_a95ead1b; Type: INDEX; Schema: public; Owner: angelcruz
--

CREATE INDEX auth_user_user_permissions_user_id_a95ead1b ON public.auth_user_user_permissions USING btree (user_id);


--
-- Name: auth_user_username_6821ab7c_like; Type: INDEX; Schema: public; Owner: angelcruz
--

CREATE INDEX auth_user_username_6821ab7c_like ON public.auth_user USING btree (username varchar_pattern_ops);


--
-- Name: dashboard_impact_id_operation_id_3137954d; Type: INDEX; Schema: public; Owner: angelcruz
--

CREATE INDEX dashboard_impact_id_operation_id_3137954d ON public.dashboard_impact USING btree (id_operation_id);


--
-- Name: dashboard_impact_id_subresource_id_ae7da976; Type: INDEX; Schema: public; Owner: angelcruz
--

CREATE INDEX dashboard_impact_id_subresource_id_ae7da976 ON public.dashboard_impact USING btree (id_subresource_id);


--
-- Name: dashboard_operation_id_phase_id_0118db98; Type: INDEX; Schema: public; Owner: angelcruz
--

CREATE INDEX dashboard_operation_id_phase_id_0118db98 ON public.dashboard_operation USING btree (id_phase_id);


--
-- Name: dashboard_phase_id_project_id_27129207; Type: INDEX; Schema: public; Owner: angelcruz
--

CREATE INDEX dashboard_phase_id_project_id_27129207 ON public.dashboard_phase USING btree (id_project_id);


--
-- Name: dashboard_rating_id_phase_id_f1070f28; Type: INDEX; Schema: public; Owner: angelcruz
--

CREATE INDEX dashboard_rating_id_phase_id_f1070f28 ON public.dashboard_rating USING btree (id_phase_id);


--
-- Name: dashboard_rating_id_subresource_id_142dc5f6; Type: INDEX; Schema: public; Owner: angelcruz
--

CREATE INDEX dashboard_rating_id_subresource_id_142dc5f6 ON public.dashboard_rating USING btree (id_subresource_id);


--
-- Name: dashboard_reports_id_project_id_1c730b53; Type: INDEX; Schema: public; Owner: angelcruz
--

CREATE INDEX dashboard_reports_id_project_id_1c730b53 ON public.dashboard_reports USING btree (id_project_id);


--
-- Name: dashboard_subresource_id_resource_id_d711ab7b; Type: INDEX; Schema: public; Owner: angelcruz
--

CREATE INDEX dashboard_subresource_id_resource_id_d711ab7b ON public.dashboard_subresource USING btree (id_resource_id);


--
-- Name: django_admin_log_content_type_id_c4bce8eb; Type: INDEX; Schema: public; Owner: angelcruz
--

CREATE INDEX django_admin_log_content_type_id_c4bce8eb ON public.django_admin_log USING btree (content_type_id);


--
-- Name: django_admin_log_user_id_c564eba6; Type: INDEX; Schema: public; Owner: angelcruz
--

CREATE INDEX django_admin_log_user_id_c564eba6 ON public.django_admin_log USING btree (user_id);


--
-- Name: django_session_expire_date_a5c62663; Type: INDEX; Schema: public; Owner: angelcruz
--

CREATE INDEX django_session_expire_date_a5c62663 ON public.django_session USING btree (expire_date);


--
-- Name: django_session_session_key_c0390e0f_like; Type: INDEX; Schema: public; Owner: angelcruz
--

CREATE INDEX django_session_session_key_c0390e0f_like ON public.django_session USING btree (session_key varchar_pattern_ops);


--
-- Name: auth_group_permissions auth_group_permissio_permission_id_84c5c92e_fk_auth_perm; Type: FK CONSTRAINT; Schema: public; Owner: angelcruz
--

ALTER TABLE ONLY public.auth_group_permissions
    ADD CONSTRAINT auth_group_permissio_permission_id_84c5c92e_fk_auth_perm FOREIGN KEY (permission_id) REFERENCES public.auth_permission(id) DEFERRABLE INITIALLY DEFERRED;


--
-- Name: auth_group_permissions auth_group_permissions_group_id_b120cbf9_fk_auth_group_id; Type: FK CONSTRAINT; Schema: public; Owner: angelcruz
--

ALTER TABLE ONLY public.auth_group_permissions
    ADD CONSTRAINT auth_group_permissions_group_id_b120cbf9_fk_auth_group_id FOREIGN KEY (group_id) REFERENCES public.auth_group(id) DEFERRABLE INITIALLY DEFERRED;


--
-- Name: auth_permission auth_permission_content_type_id_2f476e4b_fk_django_co; Type: FK CONSTRAINT; Schema: public; Owner: angelcruz
--

ALTER TABLE ONLY public.auth_permission
    ADD CONSTRAINT auth_permission_content_type_id_2f476e4b_fk_django_co FOREIGN KEY (content_type_id) REFERENCES public.django_content_type(id) DEFERRABLE INITIALLY DEFERRED;


--
-- Name: auth_user_groups auth_user_groups_group_id_97559544_fk_auth_group_id; Type: FK CONSTRAINT; Schema: public; Owner: angelcruz
--

ALTER TABLE ONLY public.auth_user_groups
    ADD CONSTRAINT auth_user_groups_group_id_97559544_fk_auth_group_id FOREIGN KEY (group_id) REFERENCES public.auth_group(id) DEFERRABLE INITIALLY DEFERRED;


--
-- Name: auth_user_groups auth_user_groups_user_id_6a12ed8b_fk_auth_user_id; Type: FK CONSTRAINT; Schema: public; Owner: angelcruz
--

ALTER TABLE ONLY public.auth_user_groups
    ADD CONSTRAINT auth_user_groups_user_id_6a12ed8b_fk_auth_user_id FOREIGN KEY (user_id) REFERENCES public.auth_user(id) DEFERRABLE INITIALLY DEFERRED;


--
-- Name: auth_user_user_permissions auth_user_user_permi_permission_id_1fbb5f2c_fk_auth_perm; Type: FK CONSTRAINT; Schema: public; Owner: angelcruz
--

ALTER TABLE ONLY public.auth_user_user_permissions
    ADD CONSTRAINT auth_user_user_permi_permission_id_1fbb5f2c_fk_auth_perm FOREIGN KEY (permission_id) REFERENCES public.auth_permission(id) DEFERRABLE INITIALLY DEFERRED;


--
-- Name: auth_user_user_permissions auth_user_user_permissions_user_id_a95ead1b_fk_auth_user_id; Type: FK CONSTRAINT; Schema: public; Owner: angelcruz
--

ALTER TABLE ONLY public.auth_user_user_permissions
    ADD CONSTRAINT auth_user_user_permissions_user_id_a95ead1b_fk_auth_user_id FOREIGN KEY (user_id) REFERENCES public.auth_user(id) DEFERRABLE INITIALLY DEFERRED;


--
-- Name: dashboard_impact dashboard_impact_id_operation_id_3137954d_fk_dashboard; Type: FK CONSTRAINT; Schema: public; Owner: angelcruz
--

ALTER TABLE ONLY public.dashboard_impact
    ADD CONSTRAINT dashboard_impact_id_operation_id_3137954d_fk_dashboard FOREIGN KEY (id_operation_id) REFERENCES public.dashboard_operation(id) DEFERRABLE INITIALLY DEFERRED;


--
-- Name: dashboard_impact dashboard_impact_id_subresource_id_ae7da976_fk_dashboard; Type: FK CONSTRAINT; Schema: public; Owner: angelcruz
--

ALTER TABLE ONLY public.dashboard_impact
    ADD CONSTRAINT dashboard_impact_id_subresource_id_ae7da976_fk_dashboard FOREIGN KEY (id_subresource_id) REFERENCES public.dashboard_subresource(id) DEFERRABLE INITIALLY DEFERRED;


--
-- Name: dashboard_operation dashboard_operation_id_phase_id_0118db98_fk_dashboard_phase_id; Type: FK CONSTRAINT; Schema: public; Owner: angelcruz
--

ALTER TABLE ONLY public.dashboard_operation
    ADD CONSTRAINT dashboard_operation_id_phase_id_0118db98_fk_dashboard_phase_id FOREIGN KEY (id_phase_id) REFERENCES public.dashboard_phase(id) DEFERRABLE INITIALLY DEFERRED;


--
-- Name: dashboard_phase dashboard_phase_id_project_id_27129207_fk_dashboard_projects_id; Type: FK CONSTRAINT; Schema: public; Owner: angelcruz
--

ALTER TABLE ONLY public.dashboard_phase
    ADD CONSTRAINT dashboard_phase_id_project_id_27129207_fk_dashboard_projects_id FOREIGN KEY (id_project_id) REFERENCES public.dashboard_projects(id) DEFERRABLE INITIALLY DEFERRED;


--
-- Name: dashboard_rating dashboard_rating_id_phase_id_f1070f28_fk_dashboard_phase_id; Type: FK CONSTRAINT; Schema: public; Owner: angelcruz
--

ALTER TABLE ONLY public.dashboard_rating
    ADD CONSTRAINT dashboard_rating_id_phase_id_f1070f28_fk_dashboard_phase_id FOREIGN KEY (id_phase_id) REFERENCES public.dashboard_phase(id) DEFERRABLE INITIALLY DEFERRED;


--
-- Name: dashboard_rating dashboard_rating_id_subresource_id_142dc5f6_fk_dashboard; Type: FK CONSTRAINT; Schema: public; Owner: angelcruz
--

ALTER TABLE ONLY public.dashboard_rating
    ADD CONSTRAINT dashboard_rating_id_subresource_id_142dc5f6_fk_dashboard FOREIGN KEY (id_subresource_id) REFERENCES public.dashboard_subresource(id) DEFERRABLE INITIALLY DEFERRED;


--
-- Name: dashboard_reports dashboard_reports_id_project_id_1c730b53_fk_dashboard; Type: FK CONSTRAINT; Schema: public; Owner: angelcruz
--

ALTER TABLE ONLY public.dashboard_reports
    ADD CONSTRAINT dashboard_reports_id_project_id_1c730b53_fk_dashboard FOREIGN KEY (id_project_id) REFERENCES public.dashboard_projects(id) DEFERRABLE INITIALLY DEFERRED;


--
-- Name: dashboard_subresource dashboard_subresourc_id_resource_id_d711ab7b_fk_dashboard; Type: FK CONSTRAINT; Schema: public; Owner: angelcruz
--

ALTER TABLE ONLY public.dashboard_subresource
    ADD CONSTRAINT dashboard_subresourc_id_resource_id_d711ab7b_fk_dashboard FOREIGN KEY (id_resource_id) REFERENCES public.dashboard_resource(id) DEFERRABLE INITIALLY DEFERRED;


--
-- Name: django_admin_log django_admin_log_content_type_id_c4bce8eb_fk_django_co; Type: FK CONSTRAINT; Schema: public; Owner: angelcruz
--

ALTER TABLE ONLY public.django_admin_log
    ADD CONSTRAINT django_admin_log_content_type_id_c4bce8eb_fk_django_co FOREIGN KEY (content_type_id) REFERENCES public.django_content_type(id) DEFERRABLE INITIALLY DEFERRED;


--
-- Name: django_admin_log django_admin_log_user_id_c564eba6_fk_auth_user_id; Type: FK CONSTRAINT; Schema: public; Owner: angelcruz
--

ALTER TABLE ONLY public.django_admin_log
    ADD CONSTRAINT django_admin_log_user_id_c564eba6_fk_auth_user_id FOREIGN KEY (user_id) REFERENCES public.auth_user(id) DEFERRABLE INITIALLY DEFERRED;


--
-- PostgreSQL database dump complete
--

